ID,Genotype
ERR5243654,2
ERR5243657,3.5
ERR5243684,2.5
ERR5243652,2.5
ERR5243699,2.5
ERR5243697,2.5
ERR5243694,2.5
ERR5243671,3.5
ERR5243645,3.5
ERR5243663,2.5
ERR5243704,2
ERR5243653,2
ERR5243660,2
ERR5243666,1.1
ERR5243665,0.1.3
ERR5243670,2.5
ERR5243655,2.5
ERR5243688,2.5
ERR5243673,2
ERR5243677,2.5
ERR5243641,2.5
ERR5243679,2.5
ERR5243703,3.5
ERR5243690,2.5
ERR5243659,2.5
ERR5243647,3.5
ERR5243664,3.5
ERR5243678,2.5
ERR5243714,2.5
ERR5243648,2.5
ERR5243705,2.5
ERR5243702,2.5
ERR5243713,3.5
ERR5243650,2.5
ERR5243685,2.5
ERR5243682,2.5
ERR5243707,3.5
ERR5243691,2.5
ERR5243717,2.5
ERR5243642,2.5
ERR5243681,3.5
ERR5243693,3.5
ERR5243706,2.5
ERR5243662,2.5
ERR5243674,3.5
ERR5243675,2.5
ERR5243712,2.5
ERR5243696,2.5
ERR5243700,3.5
ERR5243644,2.5
ERR5243649,2.5
ERR5243692,2.5
ERR5243658,3.5
ERR5243695,2.5
ERR5243680,2.5
ERR5243651,3.5
ERR5243672,2.5
ERR5243715,2.5
ERR5243711,2.5
ERR5243710,2.5
ERR5243701,2.5
ERR5243667,2.5
ERR5243669,3.5
ERR5243709,COIN12JPPX01.0100
ERR5243646,3.5
ERR5243687,2.5
ERR5243716,2.5
ERR5243661,2.5
ERR5243686,3.5
ERR5243668,2.5
ERR5243676,2.5
ERR5243683,3.5
ERR5243689,3.5
ERR5243708,2.5
ERR5243698,2.5
ERR5243656,2.5
ERR5243643,2.5
