Sample ID	ST	aroC	dnaN	hemD	hisD	purE	sucA	thrA
ERR5243683	1*	1	1	1	1	1*	1	5
ERR5243656	2	1	1	2	1	1	1	5
ERR5243698	2	1	1	2	1	1	1	5
ERR5243717	2	1	1	2	1	1	1	5
ERR5243653	2	1	1	2	1	1	1	5
ERR5243657	1	1	1	1	1	1	1	5
ERR5243677	2	1	1	2	1	1	1	5
ERR5243684	2	1	1	2	1	1	1	5
ERR5243674	1	1	1	1	1	1	1	5
ERR5243673	2	1	1	2	1	1	1	5
ERR5243675	2	1	1	2	1	1	1	5
ERR5243669	1	1	1	1	1	1	1	5
ERR5243693	1	1	1	1	1	1	1	5
ERR5243666	8	1	1	2	3	1	1	5
ERR5243655	2	1	1	2	1	1	1	5
ERR5243654	2	1	1	2	1	1	1	5
ERR5243663	2	1	1	2	1	1	1	5
ERR5243643	2	1	1	2	1	1	1	5
ERR5243658	1	1	1	1	1	1	1	5
ERR5243648	2	1	1	2	1	1	1	5
ERR5243714	2	1	1	2	1	1	1	5
ERR5243694	2	1	1	2	1	1	1	5
ERR5243688	2	1	1	2	1	1	1	5
ERR5243662	2	1	1	2	1	1	1	5
ERR5243699	2	1	1	2	1	1	1	5
ERR5243668	2	1	1	2	1	1	1	5
ERR5243706	2	1	1	2	1	1	1	5
ERR5243680	2	1	1	2	1	1	1	5
ERR5243660	2	1	1	2	1	1	1	5
ERR5243670	2	1	1	2	1	1	1	5
ERR5243696	2	1	1	2	1	1	1	5
ERR5243704	2	1	1	2	1	1	1	5
ERR5243645	1	1	1	1	1	1	1	5
ERR5243667	2	1	1	2	1	1	1	5
ERR5243695	2	1	1	2	1	1	1	5
ERR5243716	2	1	1	2	1	1	1	5
ERR5243647	1	1	1	1	1	1	1	5
ERR5243685	2	1	1	2	1	1	1	5
ERR5243651	1	1	1	1	1	1	1	5
ERR5243697	2	1	1	2	1	1	1	5
ERR5243676	2	1	1	2	1	1	1	5
ERR5243690	2	1	1	2	1	1	1	5
ERR5243701	2	1	1	2	1	1	1	5
ERR5243705	2	1	1	2	1	1	1	5
ERR5243646	1	1	1	1	1	1	1	5
ERR5243661	2	1	1	2	1	1	1	5
ERR5243689	8555	1	1	1070	1	1	1	5
ERR5243671	1	1	1	1	1	1	1	5
ERR5243715	2	1	1	2	1	1	1	5
ERR5243652	2	1	1	2	1	1	1	5
ERR5243710	2	1	1	2	1	1	1	5
ERR5243681	1	1	1	1	1	1	1	5
ERR5243713	1	1	1	1	1	1	1	5
ERR5243686	1	1	1	1	1	1	1	5
ERR5243665	2	1	1	2	1	1	1	5
ERR5243682	2	1	1	2	1	1	1	5
ERR5243711	2	1	1	2	1	1	1	5
ERR5243644	2	1	1	2	1	1	1	5
ERR5243642	2	1	1	2	1	1	1	5
ERR5243664	1	1	1	1	1	1	1	5
ERR5243649	2	1	1	2	1	1	1	5
ERR5243687	2	1	1	2	1	1	1	5
ERR5243641	2*	1	1	2	1	1*	1	5
SParatyphA_AKU_12601	2	1	1	2	1	1	1	5
ERR5243678	2	1	1	2	1	1	1	5
ERR5243692	2	1	1	2	1	1	1	5
ERR5243712	2	1	1	2	1	1	1	5
ERR5243650	2	1	1	2	1	1	1	5
ERR5243709	1	1	1	1	1	1	1	5
ERR5243702	2	1	1	2	1	1	1	5
ERR5243707	1	1	1	1	1	1	1	5
ERR5243659	2	1	1	2	1	1	1	5
ERR5243691	2	1	1	2	1	1	1	5
ERR5243703	1	1	1	1	1	1	1	5
ERR5243672	2	1	1	2	1	1	1	5
ERR5243700	1	1	1	1	1	1	1	5
ERR5243679	2	1	1	2	1	1	1	5
ERR5243708	2	1	1	2	1	1	1	5
